0,31.4995887078,3149.95887078
1,27.8436836659,2784.36836659
2,24.4501914353,2445.01914353
3,22.3300383457,2233.00383457
4,20.1167558253,2011.67558253
5,17.938351221,1793.8351221
6,15.3767516766,1537.67516766
7,12.6626948326,1266.26948326
8,9.95720833782,995.720833782
9,8.16849563511,816.849563511
10,6.46494680596,646.494680596
11,4.6243742305,462.43742305
12,3.06975694555,306.975694555
13,1.93865421863,193.865421863
14,0.846287975348,84.6287975348
15,-0.418773593883,-41.8773593883
16,-0.759342038883,-75.9342038883
17,-1.40424931051,-140.424931051
18,-2.40525273554,-240.525273554
19,-3.2834627358,-328.34627358
20,-3.87838022261,-387.838022261
21,-4.07686195062,-407.686195062
22,-5.04233743176,-504.233743176
23,-5.57013812523,-557.013812523
24,-6.00751805174,-600.751805174
25,-6.54786008164,-654.786008164
26,-6.96086107825,-696.086107825
27,-7.49368784532,-749.368784532
28,-7.5894263817,-758.94263817
29,-8.10196707121,-810.196707121
30,-8.49281824315,-849.281824315
31,-8.83217662088,-883.217662088
32,-9.05730913951,-905.730913951
33,-9.2761745855,-927.61745855
34,-9.62317766228,-962.317766228
35,-10.0271462609,-1002.71462609
36,-10.1371741583,-1013.71741583
37,-10.2886709314,-1028.86709314
38,-10.6763968617,-1067.63968617
39,-11.131129255,-1113.1129255
40,-11.1379358634,-1113.79358634
41,-11.2289254475,-1122.89254475
42,-11.4614949629,-1146.14949629
43,-11.7291384286,-1172.91384286
44,-12.0621603105,-1206.21603105
45,-12.191484727,-1219.1484727
46,-12.275515026,-1227.5515026
47,-12.2963301621,-1229.63301621
48,-12.3994077994,-1239.94077994
49,-12.4622882196,-1246.22882196
50,-12.6148001189,-1261.48001189
51,-12.6301811006,-1263.01811006
52,-12.7869729227,-1278.69729227
53,-12.9522217564,-1295.22217564
54,-13.1001537464,-1310.01537464
55,-13.2265681575,-1322.65681575
56,-13.3496129672,-1334.96129672
57,-13.6341422798,-1363.41422798
58,-13.7978836158,-1379.78836158
59,-13.8900805203,-1389.00805203
60,-14.006304942,-1400.6304942
61,-14.0640859984,-1406.40859984
62,-14.0579575615,-1405.79575615
63,-14.2854258511,-1428.54258511
64,-14.2985033809,-1429.85033809
65,-14.6193361648,-1461.93361648
66,-14.6682281754,-1466.82281754
67,-14.6075347534,-1460.75347534
68,-14.8143313465,-1481.43313465
69,-14.50260726,-1450.260726
70,-14.5113662315,-1451.13662315
71,-14.473048163,-1447.3048163
72,-14.6714702379,-1467.14702379
73,-14.8238649781,-1482.38649781
74,-14.898254476,-1489.8254476
75,-15.1820646258,-1518.20646258
76,-15.3630366122,-1536.30366122
77,-15.3230488359,-1532.30488359
78,-15.3119889863,-1531.19889863
79,-15.2783454221,-1527.83454221
80,-15.6133653447,-1561.33653447
81,-15.6470657791,-1564.70657791
82,-15.8084120865,-1580.84120865
83,-15.9879034183,-1598.79034183
84,-15.8916540803,-1589.16540803
85,-16.0456087885,-1604.56087885
86,-16.146213132,-1614.6213132
87,-16.2175662637,-1621.75662637
88,-16.2014118021,-1620.14118021
89,-16.3643971973,-1636.43971973
90,-16.3871856172,-1638.71856172
91,-16.3801113426,-1638.01113426
92,-16.3334614286,-1633.34614286
93,-16.3612767085,-1636.12767085
94,-16.4180034067,-1641.80034067
95,-16.4029268878,-1640.29268878
96,-16.355856554,-1635.5856554
97,-16.4846279337,-1648.46279337
98,-16.368301026,-1636.8301026
99,-16.3476116902,-1634.76116902
100,-16.3220352851,-1632.20352851
101,-16.2997664765,-1629.97664765
102,-16.3112226267,-1631.12226267
103,-16.329681419,-1632.9681419
104,-16.4852676253,-1648.52676253
105,-16.489995072,-1648.9995072
106,-16.543635682,-1654.3635682
107,-16.7591624177,-1675.91624177
108,-16.6902072098,-1669.02072098
109,-16.7187059322,-1671.87059322
110,-16.779124583,-1677.9124583
111,-16.7618460917,-1676.18460917
112,-16.8412877145,-1684.12877145
113,-16.8026349998,-1680.26349998
114,-16.75701439,-1675.701439
115,-16.7356401762,-1673.56401762
116,-16.6561479483,-1665.61479483
117,-16.6658665277,-1666.58665277
118,-16.8264912875,-1682.64912875
119,-16.9674464807,-1696.74464807
120,-16.9470738354,-1694.70738354
121,-16.9454932591,-1694.54932591
122,-16.8147482952,-1681.47482952
123,-16.7209947621,-1672.09947621
124,-16.6423825389,-1664.23825389
125,-16.6555915324,-1665.55915324
126,-16.7437858703,-1674.37858703
127,-16.6908498638,-1669.08498638
128,-16.6562080858,-1665.62080858
129,-16.7585159029,-1675.85159029
130,-16.7360477167,-1673.60477167
131,-16.9813612584,-1698.13612584
132,-16.9230623824,-1692.30623824
133,-16.850271594,-1685.0271594
134,-16.9676975759,-1696.76975759
135,-16.9502866228,-1695.02866228
136,-17.0603621491,-1706.03621491
137,-17.1735558434,-1717.35558434
138,-17.0887181168,-1708.87181168
139,-17.2872810733,-1728.72810733
140,-17.2573612731,-1725.73612731
141,-17.141835478,-1714.1835478
142,-17.2667118409,-1726.67118409
143,-17.625466334,-1762.5466334
144,-17.5775420141,-1757.75420141
145,-17.7740503877,-1777.40503877
146,-17.6604767312,-1766.04767312
147,-17.4873664398,-1748.73664398
148,-17.4664094521,-1746.64094521
149,-17.520893996,-1752.0893996
150,-17.4520416414,-1745.20416414
151,-17.4831036875,-1748.31036875
152,-17.5107106121,-1751.07106121
153,-17.5286748698,-1752.86748698
154,-17.5828467801,-1758.28467801
155,-17.6164741827,-1761.64741827
156,-17.6758755133,-1767.58755133
157,-17.7936736599,-1779.36736599
158,-17.752571221,-1775.2571221
159,-17.7763087844,-1777.63087844
160,-17.7183674294,-1771.83674294
161,-17.5322248081,-1753.22248081
162,-17.6349014517,-1763.49014517
163,-17.6413593656,-1764.13593656
164,-17.739992735,-1773.9992735
165,-17.6036047374,-1760.36047374
166,-17.5127608463,-1751.27608463
167,-17.5525241644,-1755.25241644
168,-17.4862620994,-1748.62620994
169,-17.4366692997,-1743.66692997
170,-17.527403139,-1752.7403139
171,-17.4750478463,-1747.50478463
172,-17.4057696937,-1740.57696937
173,-17.4142865856,-1741.42865856
174,-17.4508282452,-1745.08282452
175,-17.2892292969,-1728.92292969
176,-17.4371800965,-1743.71800965
177,-17.3847147238,-1738.47147238
178,-17.3765912872,-1737.65912872
179,-17.5744420338,-1757.44420338
180,-17.5493803537,-1754.93803537
181,-17.6503741219,-1765.03741219
182,-17.697067849,-1769.7067849
183,-17.7321201582,-1773.21201582
184,-17.7858995858,-1778.58995858
185,-17.8388019816,-1783.88019816
186,-17.6901582738,-1769.01582738
187,-17.8183908502,-1781.83908502
188,-17.8228689624,-1782.28689624
189,-17.921615741,-1792.1615741
190,-17.7966314831,-1779.66314831
191,-17.7595131375,-1775.95131375
192,-17.7516449945,-1775.16449945
193,-17.7876380103,-1778.76380103
194,-17.7498199211,-1774.98199211
195,-17.7979024469,-1779.79024469
196,-17.9111159815,-1791.11159815
197,-17.8697419072,-1786.97419072
198,-17.8774035584,-1787.74035584
199,-17.9762382558,-1797.62382558
200,-18.0319914105,-1803.19914105
201,-18.1705465419,-1817.05465419
202,-18.1737811522,-1817.37811522
203,-18.1892631624,-1818.92631624
204,-18.2596234976,-1825.96234976
205,-18.3359248964,-1833.59248964
206,-18.3323790927,-1833.23790927
207,-17.9279751938,-1792.79751938
208,-17.8760359806,-1787.60359806
209,-17.9179846804,-1791.79846804
210,-17.9878885624,-1798.78885624
211,-17.7892981038,-1778.92981038
212,-17.8646270505,-1786.46270505
213,-17.8264576175,-1782.64576175
214,-17.8711084069,-1787.11084069
215,-17.8849818015,-1788.49818015
216,-17.8852391892,-1788.52391892
217,-17.8900152499,-1789.00152499
218,-18.0688925767,-1806.88925767
219,-18.1765692597,-1817.65692597
220,-18.1983784303,-1819.83784303
221,-18.1841338918,-1818.41338918
222,-18.2247607902,-1822.47607902
223,-18.0547791287,-1805.47791287
224,-17.9962083703,-1799.62083703
225,-18.0417536385,-1804.17536385
226,-18.0134828434,-1801.34828434
227,-18.0005965403,-1800.05965403
228,-18.0773739003,-1807.73739003
229,-18.0906258063,-1809.06258063
230,-18.1419566661,-1814.19566661
231,-18.106178935,-1810.6178935
232,-18.1139743272,-1811.39743272
233,-18.009672158,-1800.9672158
234,-18.0745082068,-1807.45082068
235,-17.9987677048,-1799.87677048
236,-18.0485280243,-1804.85280243
237,-17.9809452361,-1798.09452361
238,-17.9493135397,-1794.93135397
239,-17.9390672677,-1793.90672677
240,-17.9980532647,-1799.80532647
241,-18.0088401126,-1800.88401126
242,-18.0017000326,-1800.17000326
243,-18.0410280385,-1804.10280385
244,-17.9499455482,-1794.99455482
245,-17.9721083152,-1797.21083152
246,-18.1095775179,-1810.95775179
247,-18.2075100634,-1820.75100634
248,-18.2756358017,-1827.56358017
249,-18.4489257431,-1844.89257431
250,-18.4681923028,-1846.81923028
251,-18.4726465066,-1847.26465066
252,-18.4985108336,-1849.85108336
253,-18.4952581653,-1849.52581653
254,-18.4833412065,-1848.33412065
255,-18.2449396195,-1824.49396195
256,-18.3125904359,-1831.25904359
257,-18.4234123445,-1842.34123445
258,-18.4368000177,-1843.68000177
259,-18.4594460649,-1845.94460649
260,-18.4226711237,-1842.26711237
261,-18.4217516168,-1842.17516168
262,-18.3125344542,-1831.25344542
263,-18.3473846791,-1834.73846791
264,-18.3868422883,-1838.68422883
265,-18.4480025582,-1844.80025582
266,-18.3804843871,-1838.04843871
267,-18.3082039278,-1830.82039278
268,-18.3045860139,-1830.45860139
269,-18.153518021,-1815.3518021
270,-18.0792430036,-1807.92430036
271,-18.0825488804,-1808.25488804
272,-18.1355638694,-1813.55638694
273,-18.0945139448,-1809.45139448
274,-18.2790062785,-1827.90062785
275,-18.1335182358,-1813.35182358
276,-18.1482838358,-1814.82838358
277,-18.2130686131,-1821.30686131
278,-18.3310077079,-1833.10077079
279,-18.4778596792,-1847.78596792
280,-18.3229595631,-1832.29595631
281,-18.2606981159,-1826.06981159
282,-18.239578562,-1823.9578562
283,-18.2358100284,-1823.58100284
284,-18.2105118545,-1821.05118545
285,-18.2038418022,-1820.38418022
286,-18.1780955633,-1817.80955633
287,-18.3537595647,-1835.37595647
288,-18.3729506686,-1837.29506686
289,-18.3990171911,-1839.90171911
290,-18.5300964209,-1853.00964209
291,-18.5392316688,-1853.92316688
292,-18.4844608555,-1848.44608555
293,-18.5449851483,-1854.49851483
294,-18.4656214062,-1846.56214062
295,-18.448404414,-1844.8404414
296,-18.2102327431,-1821.02327431
297,-18.2442229076,-1824.42229076
298,-18.264158228,-1826.4158228
299,-18.2647097137,-1826.47097137
300,-18.3484506601,-1834.84506601
301,-18.4675345696,-1846.75345696
302,-18.4433298845,-1844.33298845
303,-18.5186020037,-1851.86020037
304,-18.413213793,-1841.3213793
305,-18.5125784974,-1851.25784974
306,-18.4780630983,-1847.80630983
307,-18.4815131752,-1848.15131752
308,-18.4711555685,-1847.11555685
309,-18.5730155716,-1857.30155716
310,-18.5692788802,-1856.92788802
311,-18.5524744498,-1855.24744498
312,-18.5754760795,-1857.54760795
313,-18.5887178857,-1858.87178857
314,-18.4971836953,-1849.71836953
315,-18.5526920291,-1855.26920291
316,-18.5335893873,-1853.35893873
317,-18.6319297,-1863.19297
318,-18.5942253052,-1859.42253052
319,-18.5330020359,-1853.30020359
320,-18.6336880992,-1863.36880992
321,-18.7392031257,-1873.92031257
322,-18.7683140807,-1876.83140807
323,-18.6761407127,-1867.61407127
324,-18.8648123152,-1886.48123152
325,-18.797956082,-1879.7956082
326,-18.8285768978,-1882.85768978
327,-18.7191082621,-1871.91082621
328,-18.5581013304,-1855.81013304
329,-18.8152660208,-1881.52660208
330,-18.7933091196,-1879.33091196
331,-18.7568300545,-1875.68300545
332,-18.7218876562,-1872.18876562
333,-18.7940406489,-1879.40406489
334,-18.8347737752,-1883.47737752
335,-18.8738892719,-1887.38892719
336,-18.8848209999,-1888.48209999
337,-18.8151339841,-1881.51339841
338,-18.8827464621,-1888.27464621
339,-18.7492480314,-1874.92480314
340,-18.5915984865,-1859.15984865
341,-18.5020438608,-1850.20438608
342,-18.5251911557,-1852.51911557
343,-18.5061319496,-1850.61319496
344,-18.549173767,-1854.9173767
345,-18.4098456614,-1840.98456614
346,-18.341433994,-1834.1433994
347,-18.2768846824,-1827.68846824
348,-18.2704777623,-1827.04777623
349,-18.2047281127,-1820.47281127
350,-18.2263343827,-1822.63343827
351,-18.1364253235,-1813.64253235
352,-18.1123518963,-1811.23518963
353,-18.0221019548,-1802.21019548
354,-18.0837076215,-1808.37076215
355,-17.9405891531,-1794.05891531
356,-17.9623324337,-1796.23324337
357,-18.0184606529,-1801.84606529
358,-17.9607133761,-1796.07133761
359,-18.1405112931,-1814.05112931
360,-18.0156783106,-1801.56783106
361,-18.0520051168,-1805.20051168
362,-18.1136071354,-1811.36071354
363,-18.0336278582,-1803.36278582
364,-17.9666872086,-1796.66872086
365,-17.9915111057,-1799.15111057
366,-17.8117044762,-1781.17044762
367,-17.8599666244,-1785.99666244
368,-17.8220294671,-1782.20294671
369,-17.7011821795,-1770.11821795
370,-17.6917002153,-1769.17002153
371,-17.7105222247,-1771.05222247
372,-17.642395011,-1764.2395011
373,-17.4441802697,-1744.41802697
374,-17.2769405391,-1727.69405391
375,-17.1915024277,-1719.15024277
376,-17.185102371,-1718.5102371
377,-17.102653244,-1710.2653244
378,-17.0433622538,-1704.33622538
379,-17.1666448751,-1716.66448751
380,-17.1401359827,-1714.01359827
381,-17.2218761494,-1722.18761494
382,-17.0504615444,-1705.04615444
383,-16.8682329881,-1686.82329881
384,-17.0402111719,-1704.02111719
385,-17.2433003688,-1724.33003688
386,-17.3064528572,-1730.64528572
387,-17.2728444968,-1727.28444968
388,-17.2019600371,-1720.19600371
389,-17.2062630657,-1720.62630657
390,-17.2320545603,-1723.20545603
391,-17.1221196675,-1712.21196675
392,-17.2954845723,-1729.54845723
393,-17.254342102,-1725.4342102
394,-17.3121367206,-1731.21367206
395,-17.2817853704,-1728.17853704
396,-17.4058568157,-1740.58568157
397,-17.4907034085,-1749.07034085
398,-17.5665780937,-1756.65780937
399,-17.5778349384,-1757.78349384
400,-17.6262171335,-1762.62171335
401,-17.6089742253,-1760.89742253
402,-17.668160533,-1766.8160533
403,-17.7973681177,-1779.73681177
404,-17.7082917398,-1770.82917398
405,-17.591678187,-1759.1678187
406,-17.6551818557,-1765.51818557
407,-17.5888478669,-1758.88478669
408,-17.5018824648,-1750.18824648
409,-17.4516461774,-1745.16461774
410,-17.4491287546,-1744.91287546
411,-17.4729244093,-1747.29244093
412,-17.5205228558,-1752.05228558
413,-17.55450294,-1755.450294
414,-17.5363284004,-1753.63284004
415,-17.6046505556,-1760.46505556
416,-17.5884027176,-1758.84027176
417,-17.5959615811,-1759.59615811
418,-17.5143537725,-1751.43537725
419,-17.4354872692,-1743.54872692
420,-17.4699466704,-1746.99466704
421,-17.3120002588,-1731.20002588
422,-17.1453227354,-1714.53227354
423,-17.1555579613,-1715.55579613
424,-16.8941497749,-1689.41497749
425,-16.925309027,-1692.5309027
426,-16.9040149435,-1690.40149435
427,-16.8545797566,-1685.45797566
428,-16.7987366272,-1679.87366272
429,-16.785366417,-1678.5366417
430,-16.8385439078,-1683.85439078
431,-16.7176113896,-1671.76113896
432,-16.8404753562,-1684.04753562
433,-16.8296649089,-1682.96649089
434,-16.9139979272,-1691.39979272
435,-16.9770465086,-1697.70465086
436,-17.0617020847,-1706.17020847
437,-17.0018481264,-1700.18481264
438,-17.0399559739,-1703.99559739
439,-16.9775993157,-1697.75993157
440,-16.9813671796,-1698.13671796
441,-16.9042978073,-1690.42978073
442,-16.9437183888,-1694.37183888
443,-17.1011929231,-1710.11929231
444,-17.1559154231,-1715.59154231
445,-16.9930228702,-1699.30228702
446,-16.9084476467,-1690.84476467
447,-16.8300033456,-1683.00033456
448,-16.8875168632,-1688.75168632
449,-16.8538212318,-1685.38212318
450,-16.9264132532,-1692.64132532
451,-16.9435817434,-1694.35817434
452,-17.1148800731,-1711.48800731
453,-16.931507248,-1693.1507248
454,-17.111031604,-1711.1031604
455,-17.123382757,-1712.3382757
456,-17.1737276185,-1717.37276185
457,-17.2130319583,-1721.30319583
458,-17.1748097833,-1717.48097833
459,-17.1262384486,-1712.62384486
460,-16.9270479828,-1692.70479828
461,-16.9669596109,-1696.69596109
462,-16.8191346435,-1681.91346435
463,-16.843488574,-1684.3488574
464,-16.8078310081,-1680.78310081
465,-16.9651700564,-1696.51700564
466,-16.9359593263,-1693.59593263
467,-16.81851978,-1681.851978
468,-16.8557747344,-1685.57747344
469,-16.8871389164,-1688.71389164
470,-16.8207002335,-1682.07002335
471,-16.8115635272,-1681.15635272
472,-16.8929206827,-1689.29206827
473,-16.8180098597,-1681.80098597
474,-16.9048430113,-1690.48430113
475,-16.7562987001,-1675.62987001
476,-16.7850477024,-1678.50477024
477,-16.8958040561,-1689.58040561
478,-16.7977604141,-1679.77604141
479,-16.7077379182,-1670.77379182
480,-16.691237905,-1669.1237905
481,-16.7043793178,-1670.43793178
482,-16.5261188593,-1652.61188593
483,-16.7444302283,-1674.44302283
484,-16.6777035103,-1667.77035103
485,-16.7145189201,-1671.45189201
486,-16.90777619,-1690.777619
487,-16.7273765088,-1672.73765088
488,-16.7010450075,-1670.10450075
489,-16.6391338281,-1663.91338281
490,-16.7332126816,-1673.32126816
491,-16.7421891216,-1674.21891216
492,-16.854055225,-1685.4055225
493,-16.9416225236,-1694.16225236
494,-16.8700619161,-1687.00619161
495,-16.7622685026,-1676.22685026
496,-16.5546786406,-1655.46786406
497,-16.5652705682,-1656.52705682
498,-16.6695377938,-1666.95377938
499,-16.6142992345,-1661.42992345
500,-16.6907961404,-1669.07961404
501,-16.8385528256,-1683.85528256
502,-16.6916227413,-1669.16227413
503,-16.7325780145,-1673.25780145
504,-16.5475085439,-1654.75085439
505,-16.581671774,-1658.1671774
506,-16.6789258509,-1667.89258509
507,-16.53186015,-1653.186015
508,-16.4909939983,-1649.09939983
509,-16.5648424228,-1656.48424228
510,-16.5337200706,-1653.37200706
511,-16.5800195496,-1658.00195496
512,-16.6337221041,-1663.37221041
513,-16.7170736458,-1671.70736458
514,-16.7318387444,-1673.18387444
515,-16.7054252159,-1670.54252159
516,-16.7025897387,-1670.25897387
517,-16.6341000721,-1663.41000721
518,-16.505926502,-1650.5926502
519,-16.3904816334,-1639.04816334
520,-16.3921572949,-1639.21572949
521,-16.1982533798,-1619.82533798
522,-16.1984560094,-1619.84560094
523,-16.0454033904,-1604.54033904
524,-16.0405479534,-1604.05479534
525,-16.0998867125,-1609.98867125
526,-16.0341019928,-1603.41019928
527,-16.0270074256,-1602.70074256
528,-16.1337687213,-1613.37687213
529,-16.0944855139,-1609.44855139
530,-16.1569676911,-1615.69676911
531,-16.097915842,-1609.7915842
532,-16.1846911795,-1618.46911795
533,-16.1555103658,-1615.55103658
534,-16.22648663,-1622.648663
535,-16.3376056147,-1633.76056147
536,-16.4748787763,-1647.48787763
537,-16.5445860462,-1654.45860462
538,-16.4952137687,-1649.52137687
539,-16.502301081,-1650.2301081
540,-16.5255248181,-1652.55248181
541,-16.5145943326,-1651.45943326
542,-16.475191783,-1647.5191783
543,-16.3777060763,-1637.77060763
544,-16.364797606,-1636.4797606
545,-16.2354213218,-1623.54213218
546,-16.313698364,-1631.3698364
547,-16.1840448717,-1618.40448717
548,-16.1914216573,-1619.14216573
549,-16.1594232686,-1615.94232686
550,-16.245897026,-1624.5897026
551,-16.1841175788,-1618.41175788
552,-16.1452209306,-1614.52209306
553,-16.198589321,-1619.8589321
554,-16.492950512,-1649.2950512
555,-16.3371118481,-1633.71118481
556,-16.301973814,-1630.1973814
557,-16.2776515001,-1627.76515001
558,-16.3393807716,-1633.93807716
559,-16.4332081747,-1643.32081747
560,-16.3892858593,-1638.92858593
561,-16.4573328427,-1645.73328427
562,-16.6277587413,-1662.77587413
563,-16.583871461,-1658.3871461
564,-16.6286172999,-1662.86172999
565,-16.5406376213,-1654.06376213
566,-16.3882360792,-1638.82360792
567,-16.3050356822,-1630.50356822
568,-16.2586237147,-1625.86237147
569,-16.3192414844,-1631.92414844
570,-16.2923843813,-1629.23843813
571,-16.3540977204,-1635.40977204
572,-16.2894743474,-1628.94743474
573,-16.3242716026,-1632.42716026
574,-16.3883971661,-1638.83971661
575,-16.4682386626,-1646.82386626
576,-16.529130759,-1652.9130759
577,-16.5311653895,-1653.11653895
578,-16.496887886,-1649.6887886
579,-16.4108142388,-1641.08142388
580,-16.4716797893,-1647.16797893
581,-16.4925373528,-1649.25373528
582,-16.4476142554,-1644.76142554
583,-16.392413859,-1639.2413859
584,-16.4004823082,-1640.04823082
585,-16.3494786675,-1634.94786675
586,-16.0965652861,-1609.65652861
587,-16.1085024781,-1610.85024781
588,-16.0633943198,-1606.33943198
589,-15.8985534648,-1589.85534648
590,-16.1352256988,-1613.52256988
591,-16.015203468,-1601.5203468
592,-16.1227265731,-1612.27265731
593,-16.1709084198,-1617.09084198
594,-16.2518684104,-1625.18684104
595,-16.0470117737,-1604.70117737
596,-16.0212356625,-1602.12356625
597,-16.0273751447,-1602.73751447
598,-16.0952065455,-1609.52065455
599,-16.0489352097,-1604.89352097
600,-16.0656168856,-1606.56168856
601,-15.9157533041,-1591.57533041
602,-15.9281949428,-1592.81949428
603,-15.8609935452,-1586.09935452
604,-16.0466748635,-1604.66748635
605,-16.1222105202,-1612.22105202
606,-15.929207789,-1592.9207789
607,-15.9986817543,-1599.86817543
608,-15.8864016575,-1588.64016575
609,-15.7091605475,-1570.91605475
610,-15.7578636624,-1575.78636624
611,-15.6964351387,-1569.64351387
612,-15.7606042208,-1576.06042208
613,-15.7002159568,-1570.02159568
614,-15.7385867541,-1573.85867541
615,-15.6862065357,-1568.62065357
616,-15.7727544583,-1577.27544583
617,-15.7295420249,-1572.95420249
618,-15.7453742372,-1574.53742372
619,-15.8370300347,-1583.70300347
620,-15.8237673278,-1582.37673278
621,-15.8914217444,-1589.14217444
622,-15.9051919278,-1590.51919278
623,-15.8098966731,-1580.98966731
624,-15.7830618023,-1578.30618023
625,-15.8955685634,-1589.55685634
626,-15.8376612666,-1583.76612666
627,-15.7285662577,-1572.85662577
628,-15.4837012043,-1548.37012043
629,-15.4853694316,-1548.53694316
630,-15.5373032699,-1553.73032699
631,-15.6369985327,-1563.69985327
632,-15.8478403247,-1584.78403247
633,-15.8708098977,-1587.08098977
634,-16.0105998535,-1601.05998535
635,-16.0636059984,-1606.36059984
636,-16.0962444624,-1609.62444624
637,-16.0031831365,-1600.31831365
638,-16.0600877585,-1606.00877585
639,-15.9924556443,-1599.24556443
640,-15.8311205923,-1583.11205923
641,-15.8633359741,-1586.33359741
642,-15.8385218835,-1583.85218835
643,-15.9562638,-1595.62638
644,-15.8535188288,-1585.35188288
645,-15.7830594089,-1578.30594089
646,-15.8048183077,-1580.48183077
647,-16.0119793981,-1601.19793981
648,-15.9954511756,-1599.54511756
649,-15.8541547102,-1585.41547102
650,-15.7927041915,-1579.27041915
651,-15.8218062071,-1582.18062071
652,-15.8254678383,-1582.54678383
653,-15.8527140339,-1585.27140339
654,-16.1319518839,-1613.19518839
655,-16.0230388516,-1602.30388516
656,-16.0095743594,-1600.95743594
657,-15.8491917744,-1584.91917744
658,-15.6894895471,-1568.94895471
659,-15.7633138186,-1576.33138186
660,-15.7030468477,-1570.30468477
661,-15.7554845509,-1575.54845509
662,-15.7340263709,-1573.40263709
663,-15.6648614256,-1566.48614256
664,-15.5335916348,-1553.35916348
665,-15.5549700418,-1555.49700418
666,-15.4467004164,-1544.67004164
667,-15.313208073,-1531.3208073
668,-15.1471545658,-1514.71545658
669,-15.3638024453,-1536.38024453
670,-15.3855215015,-1538.55215015
671,-15.3420107116,-1534.20107116
672,-15.4135588826,-1541.35588826
673,-15.3554934611,-1535.54934611
674,-15.2962655076,-1529.62655076
675,-15.1318318585,-1513.18318585
676,-15.1146211411,-1511.46211411
677,-15.0178128303,-1501.78128303
678,-15.0952895115,-1509.52895115
679,-15.2171409637,-1521.71409637
680,-15.2553244211,-1525.53244211
681,-14.9266497278,-1492.66497278
682,-14.905168494,-1490.5168494
683,-15.0390003429,-1503.90003429
684,-15.2047001516,-1520.47001516
685,-15.34614132,-1534.614132
686,-15.4287758307,-1542.87758307
687,-15.3476178327,-1534.76178327
688,-15.4637941406,-1546.37941406
689,-15.1489576838,-1514.89576838
690,-15.2584946798,-1525.84946798
691,-15.5138089257,-1551.38089257
692,-15.6013878133,-1560.13878133
693,-15.559611637,-1555.9611637
694,-15.5061588093,-1550.61588093
695,-15.3531573703,-1535.31573703
696,-15.530562046,-1553.0562046
697,-15.6739188412,-1567.39188412
698,-15.5940124049,-1559.40124049
699,-15.6494382801,-1564.94382801
700,-15.6204956215,-1562.04956215
701,-15.5407122559,-1554.07122559
702,-15.5859082181,-1558.59082181
703,-15.5221802967,-1552.21802967
704,-15.5067005956,-1550.67005956
705,-15.5387010969,-1553.87010969
706,-15.4364840272,-1543.64840272
707,-15.5314968467,-1553.14968467
708,-15.5194119127,-1551.94119127
709,-15.4766535142,-1547.66535142
710,-15.4928286831,-1549.28286831
711,-15.6102029248,-1561.02029248
712,-15.5215321051,-1552.15321051
713,-15.3786258102,-1537.86258102
714,-15.2057100255,-1520.57100255
715,-15.2050098635,-1520.50098635
716,-15.2249866895,-1522.49866895
717,-15.2311976741,-1523.11976741
718,-15.1341129648,-1513.41129648
719,-15.1094405853,-1510.94405853
720,-15.2776761297,-1527.76761297
721,-15.2591849839,-1525.91849839
722,-15.1758904232,-1517.58904232
723,-15.136553977,-1513.6553977
724,-15.1322586274,-1513.22586274
725,-15.1097543815,-1510.97543815
726,-15.2009469227,-1520.09469227
727,-15.2360312014,-1523.60312014
728,-15.2967203565,-1529.67203565
729,-15.3332254802,-1533.32254802
730,-15.3931239445,-1539.31239445
731,-15.487415645,-1548.7415645
732,-15.524874903,-1552.4874903
733,-15.576708212,-1557.6708212
734,-15.6850195688,-1568.50195688
735,-15.7549302009,-1575.49302009
736,-15.7261012049,-1572.61012049
737,-15.7366974598,-1573.66974598
738,-15.7424958565,-1574.24958565
739,-15.6582744234,-1565.82744234
740,-15.6182085533,-1561.82085533
741,-15.5162702851,-1551.62702851
742,-15.4783614598,-1547.83614598
743,-15.4662452993,-1546.62452993
744,-15.4784192459,-1547.84192459
745,-15.3583011506,-1535.83011506
746,-15.5825483812,-1558.25483812
747,-15.5398926833,-1553.98926833
748,-15.5926786401,-1559.26786401
749,-15.5181946177,-1551.81946177
750,-15.6407445286,-1564.07445286
751,-15.5442202874,-1554.42202874
752,-15.4302503281,-1543.02503281
753,-15.4244472033,-1542.44472033
754,-15.4900761381,-1549.00761381
755,-15.4362853563,-1543.62853563
756,-15.13177199,-1513.177199
757,-15.1578353366,-1515.78353366
758,-15.091377801,-1509.1377801
759,-15.1397909902,-1513.97909902
760,-15.0333816627,-1503.33816627
761,-14.9242814156,-1492.42814156
762,-14.8848085901,-1488.48085901
763,-14.9055135597,-1490.55135597
764,-14.940058024,-1494.0058024
765,-14.9826827608,-1498.26827608
766,-15.114786839,-1511.4786839
767,-14.9722045209,-1497.22045209
768,-14.9136735837,-1491.36735837
769,-15.0283354387,-1502.83354387
770,-15.0000601862,-1500.00601862
771,-14.9563491225,-1495.63491225
772,-15.0179977674,-1501.79977674
773,-14.958473648,-1495.8473648
774,-15.0594675427,-1505.94675427
775,-15.0411385072,-1504.11385072
776,-15.1418065924,-1514.18065924
777,-15.1065998443,-1510.65998443
778,-14.8892373198,-1488.92373198
779,-15.0023875042,-1500.23875042
780,-15.0024682385,-1500.24682385
781,-15.0655277892,-1506.55277892
782,-15.0911656664,-1509.11656664
783,-15.1917555887,-1519.17555887
784,-15.1615494796,-1516.15494796
785,-15.3209119051,-1532.09119051
786,-15.290094911,-1529.0094911
787,-15.3122651459,-1531.22651459
788,-15.1166496069,-1511.66496069
789,-15.0387573958,-1503.87573958
790,-14.9530741687,-1495.30741687
791,-15.0116842935,-1501.16842935
792,-15.065258883,-1506.5258883
793,-15.1160555504,-1511.60555504
794,-15.1128175512,-1511.28175512
795,-15.1719718936,-1517.19718936
796,-15.089065702,-1508.9065702
797,-15.1103099807,-1511.03099807
798,-15.107926841,-1510.7926841
799,-15.1528207474,-1515.28207474
800,-15.1655237375,-1516.55237375
801,-14.9434301901,-1494.34301901
802,-15.0622169238,-1506.22169238
803,-14.897871421,-1489.7871421
804,-14.8277805814,-1482.77805814
805,-14.9478220103,-1494.78220103
806,-14.9810967568,-1498.10967568
807,-14.8680076287,-1486.80076287
808,-14.9664370883,-1496.64370883
809,-14.9907599403,-1499.07599403
810,-14.9697684482,-1496.97684482
811,-14.9579800546,-1495.79800546
812,-15.0178085343,-1501.78085343
813,-15.0692135851,-1506.92135851
814,-15.0520784777,-1505.20784777
815,-15.0266388816,-1502.66388816
816,-15.0664652657,-1506.64652657
817,-14.9078178351,-1490.78178351
818,-15.1596409378,-1515.96409378
819,-15.116043744,-1511.6043744
820,-15.1974146105,-1519.74146105
821,-15.0737687541,-1507.37687541
822,-14.9471948177,-1494.71948177
823,-15.0566463881,-1505.66463881
824,-14.8801292667,-1488.01292667
825,-14.8352556607,-1483.52556607
826,-14.8307777321,-1483.07777321
827,-14.696820352,-1469.6820352
828,-14.6108059414,-1461.08059414
829,-14.6825232653,-1468.25232653
830,-14.5345896847,-1453.45896847
831,-14.4395501307,-1443.95501307
832,-14.2015155068,-1420.15155068
833,-14.1714574745,-1417.14574745
834,-14.0364561731,-1403.64561731
835,-14.1045294466,-1410.45294466
836,-14.0289377199,-1402.89377199
837,-14.1806105,-1418.06105
838,-14.2236167856,-1422.36167856
839,-14.1692854892,-1416.92854892
840,-14.2601950842,-1426.01950842
841,-14.349646993,-1434.9646993
842,-14.3212663739,-1432.12663739
843,-14.3680172195,-1436.80172195
844,-14.3430423597,-1434.30423597
845,-14.3345271609,-1433.45271609
846,-14.1849589656,-1418.49589656
847,-14.2075221682,-1420.75221682
848,-13.9735515666,-1397.35515666
849,-14.0185539599,-1401.85539599
850,-14.1675826839,-1416.75826839
851,-14.078389665,-1407.8389665
852,-14.0149448586,-1401.49448586
853,-14.1653718001,-1416.53718001
854,-14.1600066581,-1416.00066581
855,-14.00169019,-1400.169019
856,-13.9988668103,-1399.88668103
857,-14.1264217525,-1412.64217525
858,-14.0479241681,-1404.79241681
859,-14.1106070766,-1411.06070766
860,-14.145282118,-1414.5282118
861,-14.3548277146,-1435.48277146
862,-14.0843023218,-1408.43023218
863,-14.2992903799,-1429.92903799
864,-14.2494830495,-1424.94830495
865,-14.2970719285,-1429.70719285
866,-14.4376453653,-1443.76453653
867,-14.2618458338,-1426.18458338
868,-14.2688473732,-1426.88473732
869,-14.1062997983,-1410.62997983
870,-14.1622290344,-1416.22290344
871,-14.25099607,-1425.099607
872,-14.0878936017,-1408.78936017
873,-14.0880001158,-1408.80001158
874,-13.9947697899,-1399.47697899
875,-13.994030197,-1399.4030197
876,-14.0899499863,-1408.99499863
877,-14.1280413758,-1412.80413758
878,-14.0536104779,-1405.36104779
879,-13.9096948717,-1390.96948717
880,-14.0663748722,-1406.63748722
881,-14.12761723,-1412.761723
882,-14.0827378182,-1408.27378182
883,-14.0273632947,-1402.73632947
884,-13.9204708824,-1392.04708824
885,-13.9628557571,-1396.28557571
886,-13.9246963294,-1392.46963294
887,-14.1361617251,-1413.61617251
888,-14.1133464304,-1411.33464304
889,-14.265813084,-1426.5813084
890,-14.1270515548,-1412.70515548
891,-14.1598115335,-1415.98115335
892,-14.3373803604,-1433.73803604
893,-14.2860181443,-1428.60181443
894,-14.2521072066,-1425.21072066
895,-14.278751697,-1427.8751697
896,-14.3343550633,-1433.43550633
897,-14.3591510765,-1435.91510765
898,-14.3269362212,-1432.69362212
899,-14.3141854272,-1431.41854272
900,-14.4456839622,-1444.56839622
901,-14.3811769237,-1438.11769237
902,-14.3696844574,-1436.96844574
903,-14.4555644089,-1445.55644089
904,-14.340825179,-1434.0825179
905,-14.2773912116,-1427.73912116
906,-14.2376949285,-1423.76949285
907,-14.2232728533,-1422.32728533
908,-14.1080079652,-1410.80079652
909,-14.0930009763,-1409.30009763
910,-14.0013087208,-1400.13087208
911,-13.9409143916,-1394.09143916
912,-13.8662170932,-1386.62170932
913,-13.9179308542,-1391.79308542
914,-14.1477696731,-1414.77696731
915,-14.1011066678,-1410.11066678
916,-14.0167194866,-1401.67194866
917,-14.0591645042,-1405.91645042
918,-14.0435108651,-1404.35108651
919,-14.1712296538,-1417.12296538
920,-13.9721514034,-1397.21514034
921,-14.1385949406,-1413.85949406
922,-14.1844042692,-1418.44042692
923,-14.2060819836,-1420.60819836
924,-14.2133683946,-1421.33683946
925,-14.1984634209,-1419.84634209
926,-14.1951996552,-1419.51996552
927,-14.1936849563,-1419.36849563
928,-14.0473457689,-1404.73457689
929,-14.1879294291,-1418.79294291
930,-14.200267127,-1420.0267127
931,-14.1722873232,-1417.22873232
932,-14.163527637,-1416.3527637
933,-14.0704687891,-1407.04687891
934,-13.8454047368,-1384.54047368
935,-13.818980055,-1381.8980055
936,-13.9167231338,-1391.67231338
937,-14.0224727383,-1402.24727383
938,-13.8993956123,-1389.93956123
939,-13.8649020397,-1386.49020397
940,-13.9131244386,-1391.31244386
941,-14.0855281146,-1408.55281146
942,-14.1306342854,-1413.06342854
943,-14.0676771154,-1406.76771154
944,-14.0707358386,-1407.07358386
945,-14.1024491365,-1410.24491365
946,-13.8926357698,-1389.26357698
947,-13.9107667486,-1391.07667486
948,-14.099960494,-1409.9960494
949,-14.0943954545,-1409.43954545
950,-14.009284157,-1400.9284157
951,-14.0424626929,-1404.24626929
952,-13.7721617521,-1377.21617521
953,-13.7520063231,-1375.20063231
954,-13.6993587515,-1369.93587515
955,-13.8569340517,-1385.69340517
956,-13.7689838187,-1376.89838187
957,-13.768356601,-1376.8356601
958,-13.8312634158,-1383.12634158
959,-13.8642275404,-1386.42275404
960,-13.7423540292,-1374.23540292
961,-13.6828178057,-1368.28178057
962,-13.6736272228,-1367.36272228
963,-13.5401879775,-1354.01879775
964,-13.4762534504,-1347.62534504
965,-13.48246677,-1348.246677
966,-13.4572681869,-1345.72681869
967,-13.6409755609,-1364.09755609
968,-13.7581017328,-1375.81017328
969,-13.8251358184,-1382.51358184
970,-13.8492083694,-1384.92083694
971,-13.7149288349,-1371.49288349
972,-13.7764101549,-1377.64101549
973,-13.8569918061,-1385.69918061
974,-13.8423731623,-1384.23731623
975,-13.7085696942,-1370.85696942
976,-13.6927700417,-1369.27700417
977,-13.6935378184,-1369.35378184
978,-13.6093541725,-1360.93541725
979,-13.5816910193,-1358.16910193
980,-13.6478821503,-1364.78821503
981,-13.5255161155,-1352.55161155
982,-13.6635629409,-1366.35629409
983,-13.4691600845,-1346.91600845
984,-13.4675240485,-1346.75240485
985,-13.5079322888,-1350.79322888
986,-13.6156146716,-1361.56146716
987,-13.485546543,-1348.5546543
988,-13.4490409074,-1344.90409074
989,-13.2213515883,-1322.13515883
990,-13.3155510261,-1331.55510261
991,-13.4807714953,-1348.07714953
992,-13.5018312666,-1350.18312666
993,-13.5482771226,-1354.82771226
994,-13.4578573368,-1345.78573368
995,-13.3804870025,-1338.04870025
996,-13.2309286667,-1323.09286667
997,-13.2200103324,-1322.00103324
998,-13.3119470324,-1331.19470324
999,-13.3624261898,-1336.24261898
1000,-13.2898375354,-1328.98375354
1001,-13.3599024541,-1335.99024541
1002,-13.4819089008,-1348.19089008
1003,-13.3743149936,-1337.43149936
1004,-13.2754951192,-1327.54951192
1005,-13.2351260909,-1323.51260909
1006,-13.2540829006,-1325.40829006
1007,-13.1103351255,-1311.03351255
1008,-13.1200737801,-1312.00737801
1009,-13.2100041275,-1321.00041275
1010,-13.1917893508,-1319.17893508
1011,-13.2499543724,-1324.99543724
1012,-13.1577138986,-1315.77138986
1013,-13.0830538201,-1308.30538201
1014,-13.1859996684,-1318.59996684
1015,-13.1371239073,-1313.71239073
1016,-13.1309980047,-1313.09980047
1017,-13.0348740272,-1303.48740272
1018,-13.2514283118,-1325.14283118
1019,-13.2319727621,-1323.19727621
1020,-13.344442668,-1334.4442668
1021,-13.3324789877,-1333.24789877
1022,-13.4076633769,-1340.76633769
1023,-13.4163148299,-1341.63148299
1024,-13.4330008701,-1343.30008701
1025,-13.4267791231,-1342.67791231
1026,-13.4824392282,-1348.24392282
1027,-13.4670997971,-1346.70997971
1028,-13.6365181695,-1363.65181695
1029,-13.7081233916,-1370.81233916
1030,-13.6893733612,-1368.93733612
1031,-13.6946541836,-1369.46541836
1032,-13.6558778068,-1365.58778068
1033,-13.6247761316,-1362.47761316
1034,-13.8224558632,-1382.24558632
1035,-13.9280871003,-1392.80871003
1036,-13.7696981327,-1376.96981327
1037,-13.7065532818,-1370.65532818
1038,-13.82848056,-1382.848056
1039,-13.7447950214,-1374.47950214
1040,-13.7685976484,-1376.85976484
1041,-13.6755997333,-1367.55997333
1042,-13.6152613756,-1361.52613756
1043,-13.5711998413,-1357.11998413
1044,-13.5622668321,-1356.22668321
1045,-13.3719859791,-1337.19859791
1046,-13.5148163057,-1351.48163057
1047,-13.5405347525,-1354.05347525
1048,-13.4940824034,-1349.40824034
1049,-13.5503258579,-1355.03258579
1050,-13.4181805143,-1341.81805143
1051,-13.5651309428,-1356.51309428
1052,-13.6767658115,-1367.67658115
1053,-13.804143819,-1380.4143819
1054,-13.7804823806,-1378.04823806
1055,-13.7030959883,-1370.30959883
1056,-13.7061105241,-1370.61105241
1057,-13.7668358685,-1376.68358685
1058,-13.5739122121,-1357.39122121
1059,-13.5782089255,-1357.82089255
1060,-13.4651012332,-1346.51012332
1061,-13.4483446398,-1344.83446398
1062,-13.4230978799,-1342.30978799
1063,-13.4361492208,-1343.61492208
1064,-13.6339615848,-1363.39615848
1065,-13.5227492601,-1352.27492601
1066,-13.4675079834,-1346.75079834
1067,-13.4087881495,-1340.87881495
1068,-13.2795348939,-1327.95348939
1069,-13.2696480387,-1326.96480387
1070,-13.3560860226,-1335.60860226
1071,-13.4332583025,-1343.32583025
1072,-13.3225777571,-1332.25777571
1073,-13.3263018805,-1332.63018805
1074,-13.1146929831,-1311.46929831
1075,-13.0484497483,-1304.84497483
1076,-13.0082515371,-1300.82515371
1077,-12.9454200647,-1294.54200647
1078,-12.9080203554,-1290.80203554
1079,-12.9567724384,-1295.67724384
1080,-12.6859207211,-1268.59207211
1081,-12.6370390845,-1263.70390845
1082,-12.641331031,-1264.1331031
1083,-12.658958247,-1265.8958247
1084,-12.8032079827,-1280.32079827
1085,-12.7978763329,-1279.78763329
1086,-12.8981930372,-1289.81930372
1087,-12.7406538632,-1274.06538632
1088,-12.8671972058,-1286.71972058
1089,-12.8627476501,-1286.27476501
1090,-12.9569178862,-1295.69178862
1091,-12.9388651118,-1293.88651118
1092,-12.7898995595,-1278.98995595
1093,-12.8300495953,-1283.00495953
1094,-12.9165784171,-1291.65784171
1095,-12.9891597049,-1298.91597049
1096,-12.9356848086,-1293.56848086
1097,-12.9042242328,-1290.42242328
1098,-13.0111025219,-1301.11025219
1099,-13.1290519748,-1312.90519748
1100,-13.0806447785,-1308.06447785
1101,-13.2017895395,-1320.17895395
1102,-13.1960116247,-1319.60116247
1103,-13.0850677749,-1308.50677749
1104,-13.003265465,-1300.3265465
1105,-12.9362482456,-1293.62482456
1106,-13.0026772856,-1300.26772856
1107,-12.9451051694,-1294.51051694
1108,-13.1057496609,-1310.57496609
1109,-13.1555179891,-1315.55179891
1110,-13.3126068009,-1331.26068009
1111,-13.2708757475,-1327.08757475
1112,-13.2544343161,-1325.44343161
1113,-13.4058578224,-1340.58578224
1114,-13.4986365945,-1349.86365945
1115,-13.3771434045,-1337.71434045
1116,-13.4718819585,-1347.18819585
1117,-13.387340924,-1338.7340924
1118,-13.4204117739,-1342.04117739
1119,-13.3963483711,-1339.63483711
1120,-13.3444397788,-1334.44397788
1121,-13.3218710342,-1332.18710342
1122,-13.4167566775,-1341.67566775
1123,-13.4695057535,-1346.95057535
1124,-13.4081880595,-1340.81880595
1125,-13.3294547331,-1332.94547331
1126,-13.3700932261,-1337.00932261
1127,-13.362861709,-1336.2861709
1128,-13.4097318349,-1340.97318349
1129,-13.4302389572,-1343.02389572
1130,-13.3668608343,-1336.68608343
1131,-13.4138477057,-1341.38477057
1132,-13.5309683855,-1353.09683855
1133,-13.5594134634,-1355.94134634
1134,-13.6119298264,-1361.19298264
1135,-13.5252982905,-1352.52982905
1136,-13.4217775984,-1342.17775984
1137,-13.4338753512,-1343.38753512
1138,-13.4299379482,-1342.99379482
1139,-13.3925256103,-1339.25256103
1140,-13.4056097715,-1340.56097715
1141,-13.426228714,-1342.6228714
1142,-13.4634995659,-1346.34995659
1143,-13.5295270463,-1352.95270463
1144,-13.5077972608,-1350.77972608
1145,-13.4691623954,-1346.91623954
1146,-13.3762407202,-1337.62407202
1147,-13.2024919111,-1320.24919111
1148,-13.2962060597,-1329.62060597
1149,-13.3220209299,-1332.20209299
1150,-13.2179437065,-1321.79437065
1151,-13.3985485253,-1339.85485253
1152,-13.4641342512,-1346.41342512
1153,-13.5504350003,-1355.04350003
1154,-13.5018022879,-1350.18022879
1155,-13.6127080515,-1361.27080515
1156,-13.6074487081,-1360.74487081
1157,-13.709888778,-1370.9888778
1158,-13.7330848046,-1373.30848046
1159,-13.7173537025,-1371.73537025
1160,-13.8133493786,-1381.33493786
1161,-13.6179098852,-1361.79098852
1162,-13.4749836485,-1347.49836485
1163,-13.1537095158,-1315.37095158
1164,-13.2616701841,-1326.16701841
1165,-13.2181075144,-1321.81075144
1166,-13.2061880952,-1320.61880952
1167,-13.2249474226,-1322.49474226
1168,-12.8278738292,-1282.78738292
1169,-12.9681736178,-1296.81736178
1170,-12.9279298921,-1292.79298921
1171,-13.0151793099,-1301.51793099
1172,-13.0958200653,-1309.58200653
1173,-13.0148326606,-1301.48326606
1174,-13.0253885762,-1302.53885762
1175,-13.0178177821,-1301.78177821
1176,-12.9634338975,-1296.34338975
1177,-13.0426205441,-1304.26205441
1178,-12.9794858291,-1297.94858291
1179,-12.9593404115,-1295.93404115
1180,-13.2295629972,-1322.95629972
1181,-13.2669815071,-1326.69815071
1182,-13.3022067493,-1330.22067493
1183,-13.3626910141,-1336.26910141
1184,-13.380329553,-1338.0329553
1185,-13.3352748921,-1333.52748921
1186,-13.388917441,-1338.8917441
1187,-13.360617105,-1336.0617105
1188,-13.2989668073,-1329.89668073
1189,-13.41577255,-1341.577255
1190,-13.5153670569,-1351.53670569
1191,-13.5542220581,-1355.42220581
1192,-13.4692190945,-1346.92190945
1193,-13.3820249907,-1338.20249907
1194,-13.4171823136,-1341.71823136
1195,-13.2727652434,-1327.27652434
1196,-13.2075441826,-1320.75441826
1197,-13.3361253528,-1333.61253528
1198,-13.1568690646,-1315.68690646
1199,-13.1230049481,-1312.30049481
1200,-13.2170331832,-1321.70331832
1201,-13.2186667362,-1321.86667362
1202,-13.1849965131,-1318.49965131
1203,-13.1076860509,-1310.76860509
1204,-12.989185696,-1298.9185696
1205,-13.0338778652,-1303.38778652
1206,-13.1598839327,-1315.98839327
1207,-13.1296192528,-1312.96192528
1208,-13.2114648726,-1321.14648726
1209,-13.126958591,-1312.6958591
1210,-13.0757997438,-1307.57997438
1211,-13.2232583774,-1322.32583774
1212,-13.2600208926,-1326.00208926
1213,-13.11336282,-1311.336282
1214,-13.1641233082,-1316.41233082
1215,-13.1826593786,-1318.26593786
1216,-13.0937648091,-1309.37648091
1217,-13.0347849617,-1303.47849617
1218,-13.1637071856,-1316.37071856
1219,-13.1868796465,-1318.68796465
1220,-13.2165136373,-1321.65136373
1221,-13.126692718,-1312.6692718
1222,-12.9625829427,-1296.25829427
1223,-13.005897062,-1300.5897062
1224,-12.9138523969,-1291.38523969
1225,-12.9586041435,-1295.86041435
1226,-12.786382491,-1278.6382491
1227,-12.8348781761,-1283.48781761
1228,-12.8734367166,-1287.34367166
1229,-12.7747591684,-1277.47591684
1230,-12.8304431259,-1283.04431259
1231,-12.8705831595,-1287.05831595
1232,-12.993110107,-1299.3110107
1233,-13.0194480809,-1301.94480809
1234,-12.972771802,-1297.2771802
1235,-13.0430898583,-1304.30898583
1236,-13.0050281673,-1300.50281673
1237,-13.0527465223,-1305.27465223
1238,-13.0370290167,-1303.70290167
1239,-13.0391474946,-1303.91474946
1240,-13.0171239388,-1301.71239388
1241,-13.0488854142,-1304.88854142
1242,-13.0579940542,-1305.79940542
1243,-12.8955152724,-1289.55152724
1244,-12.9811954914,-1298.11954914
1245,-13.0000309476,-1300.00309476
1246,-13.0663356735,-1306.63356735
1247,-13.0351602091,-1303.51602091
1248,-13.0352131972,-1303.52131972
1249,-12.8843096255,-1288.43096255
1250,-12.9031943626,-1290.31943626
1251,-13.0699274964,-1306.99274964
1252,-13.0453698348,-1304.53698348
1253,-12.9625969384,-1296.25969384
1254,-12.9335629667,-1293.35629667
1255,-12.8910284025,-1289.10284025
1256,-12.813422423,-1281.3422423
1257,-12.7301212468,-1273.01212468
1258,-12.7104499311,-1271.04499311
1259,-12.7707489071,-1277.07489071
1260,-12.7599747,-1275.99747
1261,-12.5822508186,-1258.22508186
1262,-12.5621348545,-1256.21348545
1263,-12.5613929752,-1256.13929752
1264,-12.6447570633,-1264.47570633
1265,-12.7547500998,-1275.47500998
1266,-12.6009666081,-1260.09666081
1267,-12.5889621501,-1258.89621501
1268,-12.3555562904,-1235.55562904
1269,-12.3115270368,-1231.15270368
1270,-12.3165513169,-1231.65513169
1271,-12.1916106068,-1219.16106068
1272,-12.2509360716,-1225.09360716
1273,-12.3787121701,-1237.87121701
1274,-12.3727543805,-1237.27543805
1275,-12.4447699447,-1244.47699447
1276,-12.420532977,-1242.0532977
1277,-12.510624979,-1251.0624979
1278,-12.5234595463,-1252.34595463
1279,-12.3419685749,-1234.19685749
1280,-12.3076478569,-1230.76478569
1281,-12.2575782339,-1225.75782339
1282,-12.2918904439,-1229.18904439
1283,-12.0750441348,-1207.50441348
1284,-12.2056426567,-1220.56426567
1285,-12.2581383033,-1225.81383033
1286,-12.3975402978,-1239.75402978
1287,-12.2057487105,-1220.57487105
1288,-12.1288534699,-1212.88534699
1289,-12.1540236064,-1215.40236064
1290,-12.2589835708,-1225.89835708
1291,-12.2692575977,-1226.92575977
1292,-12.3377501436,-1233.77501436
1293,-12.394689153,-1239.4689153
1294,-12.294703761,-1229.4703761
1295,-12.4287898572,-1242.87898572
1296,-12.3799219451,-1237.99219451
1297,-12.3374557972,-1233.74557972
1298,-12.4357599567,-1243.57599567
1299,-12.3269926659,-1232.69926659
1300,-12.3348095652,-1233.48095652
1301,-12.4438615629,-1244.38615629
1302,-12.4279471981,-1242.79471981
1303,-12.1368847521,-1213.68847521
1304,-12.1369626697,-1213.69626697
1305,-12.2206111839,-1222.06111839
1306,-12.356363634,-1235.6363634
1307,-12.2318153741,-1223.18153741
1308,-12.3639938445,-1236.39938445
1309,-12.31365017,-1231.365017
1310,-12.3786070325,-1237.86070325
1311,-12.286083213,-1228.6083213
1312,-12.2043611277,-1220.43611277
1313,-12.1668207127,-1216.68207127
1314,-12.2639927711,-1226.39927711
1315,-12.1671606316,-1216.71606316
1316,-12.2882252026,-1228.82252026
1317,-12.3364777868,-1233.64777868
1318,-12.2538942162,-1225.38942162
1319,-12.2916000687,-1229.16000687
1320,-12.3233945197,-1232.33945197
1321,-12.2671938434,-1226.71938434
1322,-12.26252881,-1226.252881
1323,-12.1683924685,-1216.83924685
1324,-12.0698390596,-1206.98390596
1325,-12.0552193334,-1205.52193334
1326,-12.1591327146,-1215.91327146
1327,-12.1280395994,-1212.80395994
1328,-12.2032946823,-1220.32946823
1329,-12.2181478079,-1221.81478079
1330,-12.1498412544,-1214.98412544
1331,-11.9742216509,-1197.42216509
1332,-12.0075261659,-1200.75261659
1333,-12.0470742104,-1204.70742104
1334,-12.0173380523,-1201.73380523
1335,-11.8337635652,-1183.37635652
1336,-11.8248099925,-1182.48099925
1337,-11.7628914664,-1176.28914664
1338,-11.6642115455,-1166.42115455
1339,-11.524662629,-1152.4662629
1340,-11.6049089377,-1160.49089377
1341,-11.5267084289,-1152.67084289
1342,-11.5722433325,-1157.22433325
1343,-11.4605304617,-1146.05304617
1344,-11.5072035815,-1150.72035815
1345,-11.6504745903,-1165.04745903
1346,-11.4372255532,-1143.72255532
1347,-11.490898969,-1149.0898969
1348,-11.347916356,-1134.7916356
1349,-11.2529425206,-1125.29425206
1350,-11.3589306756,-1135.89306756
1351,-11.3479060274,-1134.79060274
1352,-11.3124191171,-1131.24191171
1353,-11.2623582009,-1126.23582009
1354,-11.2743617902,-1127.43617902
1355,-11.5438446802,-1154.38446802
1356,-11.6036782717,-1160.36782717
1357,-11.669398108,-1166.9398108
1358,-11.5706673313,-1157.06673313
1359,-11.6036603151,-1160.36603151
1360,-11.4710929314,-1147.10929314
1361,-11.6675268958,-1166.75268958
1362,-11.7473650512,-1174.73650512
1363,-11.6744577499,-1167.44577499
1364,-11.6048308242,-1160.48308242
1365,-11.6509933536,-1165.09933536
1366,-11.7784243385,-1177.84243385
1367,-11.8076994967,-1180.76994967
1368,-11.784961046,-1178.4961046
1369,-11.8425925686,-1184.25925686
1370,-11.8636119232,-1186.36119232
1371,-11.8065739676,-1180.65739676
1372,-11.6435064721,-1164.35064721
1373,-11.8338999032,-1183.38999032
1374,-11.7071445484,-1170.71445484
1375,-11.8772245373,-1187.72245373
1376,-11.9343831142,-1193.43831142
1377,-12.0470039567,-1204.70039567
1378,-11.9381845155,-1193.81845155
1379,-11.8260108103,-1182.60108103
1380,-11.7045459664,-1170.45459664
1381,-11.5611829318,-1156.11829318
1382,-11.5955235522,-1159.55235522
1383,-11.6806400521,-1168.06400521
1384,-11.6178986127,-1161.78986127
1385,-11.696445267,-1169.6445267
1386,-11.9458094572,-1194.58094572
1387,-11.9328748251,-1193.28748251
1388,-12.0359422638,-1203.59422638
1389,-11.9664600234,-1196.64600234
1390,-11.9026148732,-1190.26148732
1391,-11.7692395038,-1176.92395038
1392,-11.771553349,-1177.1553349
1393,-11.8063347291,-1180.63347291
1394,-11.9138710027,-1191.38710027
1395,-11.7912925159,-1179.12925159
1396,-11.9434323116,-1194.34323116
1397,-11.8740423523,-1187.40423523
1398,-11.8502995992,-1185.02995992
1399,-11.8855759441,-1188.55759441
1400,-11.9950076223,-1199.50076223
1401,-12.0687303266,-1206.87303266
1402,-12.1288098344,-1212.88098344
1403,-12.0212301402,-1202.12301402
1404,-11.9543525356,-1195.43525356
1405,-11.9197136938,-1191.97136938
1406,-11.8986844105,-1189.86844105
1407,-11.8323467303,-1183.23467303
1408,-11.7708801729,-1177.08801729
1409,-11.7071180935,-1170.71180935
1410,-11.8534914184,-1185.34914184
1411,-11.9106687744,-1191.06687744
1412,-11.9135943694,-1191.35943694
1413,-11.9177213225,-1191.77213225
1414,-11.7707726537,-1177.07726537
1415,-11.8858081849,-1188.58081849
1416,-11.9002539999,-1190.02539999
1417,-12.0414322978,-1204.14322978
1418,-12.0930513246,-1209.30513246
1419,-12.1004261568,-1210.04261568
1420,-12.110192456,-1211.0192456
1421,-12.2815858403,-1228.15858403
1422,-12.2578730348,-1225.78730348
1423,-12.2359462247,-1223.59462247
1424,-11.9973788899,-1199.73788899
1425,-11.8744448141,-1187.44448141
1426,-11.9715524578,-1197.15524578
1427,-12.0119542125,-1201.19542125
1428,-11.9816314236,-1198.16314236
1429,-11.9782040163,-1197.82040163
1430,-11.835126815,-1183.5126815
1431,-11.9399493695,-1193.99493695
1432,-11.9140192925,-1191.40192925
1433,-11.9761082343,-1197.61082343
1434,-12.1844543338,-1218.44543338
1435,-12.3271887925,-1232.71887925
1436,-12.1606001473,-1216.06001473
1437,-12.1009550975,-1210.09550975
1438,-12.1427773005,-1214.27773005
1439,-12.1219688748,-1212.19688748
1440,-12.1996594256,-1219.96594256
1441,-12.172302503,-1217.2302503
1442,-12.2351970235,-1223.51970235
1443,-12.1240745571,-1212.40745571
1444,-12.1389689911,-1213.89689911
1445,-12.0832668257,-1208.32668257
1446,-12.1167324089,-1211.67324089
1447,-11.9983457259,-1199.83457259
1448,-11.9272516871,-1192.72516871
1449,-12.0282167795,-1202.82167795
1450,-11.9829620429,-1198.29620429
1451,-12.0664712099,-1206.64712099
1452,-12.2035049674,-1220.35049674
1453,-12.2410947416,-1224.10947416
1454,-12.1506158311,-1215.06158311
1455,-12.1287408442,-1212.87408442
1456,-11.8982729478,-1189.82729478
1457,-11.8777027331,-1187.77027331
1458,-11.9494980426,-1194.94980426
1459,-11.9489327781,-1194.89327781
1460,-11.9452161543,-1194.52161543
1461,-11.9074458266,-1190.74458266
1462,-11.9807953234,-1198.07953234
1463,-12.1080244913,-1210.80244913
1464,-12.0387273293,-1203.87273293
1465,-12.0053266072,-1200.53266072
1466,-11.9543283555,-1195.43283555
1467,-11.9657979507,-1196.57979507
1468,-12.0800636328,-1208.00636328
1469,-12.1273370467,-1212.73370467
1470,-12.1123631476,-1211.23631476
1471,-12.0486683358,-1204.86683358
1472,-12.1249792609,-1212.49792609
1473,-12.1018227286,-1210.18227286
1474,-12.0141758698,-1201.41758698
1475,-12.0381018514,-1203.81018514
1476,-12.1028220898,-1210.28220898
1477,-12.1730184466,-1217.30184466
1478,-12.2778809076,-1227.78809076
1479,-12.2974314164,-1229.74314164
1480,-12.4200105431,-1242.00105431
1481,-12.4151499297,-1241.51499297
1482,-12.42364607,-1242.364607
1483,-12.3463665157,-1234.63665157
1484,-12.3353221236,-1233.53221236
1485,-12.2962097506,-1229.62097506
1486,-12.3006615284,-1230.06615284
1487,-12.2840882937,-1228.40882937
1488,-12.2725961202,-1227.25961202
1489,-12.2307227171,-1223.07227171
1490,-12.2201316893,-1222.01316893
1491,-12.2368512506,-1223.68512506
1492,-12.2357541537,-1223.57541537
1493,-12.3427702613,-1234.27702613
1494,-12.3195703461,-1231.95703461
1495,-12.2479357539,-1224.79357539
1496,-12.2141072326,-1221.41072326
1497,-12.2748073027,-1227.48073027
1498,-12.1771265185,-1217.71265185
1499,-12.2637618242,-1226.37618242
1500,-12.3228841674,-1232.28841674
1501,-12.3445743077,-1234.45743077
1502,-12.3969998788,-1239.69998788
1503,-12.2863912861,-1228.63912861
1504,-12.1706414366,-1217.06414366
1505,-12.1337809696,-1213.37809696
1506,-12.1207765742,-1212.07765742
1507,-12.0073508842,-1200.73508842
1508,-11.9580935083,-1195.80935083
1509,-12.0905387407,-1209.05387407
1510,-12.0015874466,-1200.15874466
1511,-11.9359782866,-1193.59782866
1512,-11.9149991532,-1191.49991532
1513,-11.9371093323,-1193.71093323
1514,-11.7014354323,-1170.14354323
1515,-11.7648396294,-1176.48396294
1516,-11.7921775352,-1179.21775352
1517,-11.8164876581,-1181.64876581
1518,-11.8600740244,-1186.00740244
1519,-12.0481270721,-1204.81270721
1520,-12.0666155885,-1206.66155885
1521,-12.2567521123,-1225.67521123
1522,-12.183397281,-1218.3397281
1523,-11.9739174596,-1197.39174596
1524,-11.9430726466,-1194.30726466
1525,-11.9123733831,-1191.23733831
1526,-11.8820578917,-1188.20578917
1527,-11.9239850934,-1192.39850934
1528,-12.0459547093,-1204.59547093
1529,-11.9698401327,-1196.98401327
1530,-11.9002862189,-1190.02862189
1531,-11.835946128,-1183.5946128
1532,-11.9175393678,-1191.75393678
1533,-11.9585841916,-1195.85841916
1534,-11.9477246968,-1194.77246968
1535,-11.8948767427,-1189.48767427
1536,-11.9090708608,-1190.90708608
1537,-11.7556392716,-1175.56392716
1538,-11.8772966005,-1187.72966005
1539,-11.6346384331,-1163.46384331
1540,-11.5512254783,-1155.12254783
1541,-11.5533767907,-1155.33767907
1542,-11.5986127304,-1159.86127304
1543,-11.8069177101,-1180.69177101
1544,-11.794058719,-1179.4058719
1545,-11.6993752627,-1169.93752627
1546,-11.7535204392,-1175.35204392
1547,-11.92190128,-1192.190128
1548,-11.8446619971,-1184.46619971
1549,-11.9480300713,-1194.80300713
1550,-11.9795006241,-1197.95006241
1551,-11.8464180325,-1184.64180325
1552,-11.8711463627,-1187.11463627
1553,-11.9049840098,-1190.49840098
1554,-11.9277971818,-1192.77971818
1555,-11.8999705559,-1189.99705559
1556,-11.745371158,-1174.5371158
1557,-11.689774885,-1168.9774885
1558,-11.7321048966,-1173.21048966
1559,-11.5959340323,-1159.59340323
1560,-11.7417353552,-1174.17353552
1561,-11.7854587224,-1178.54587224
1562,-11.6750006176,-1167.50006176
1563,-11.773297133,-1177.3297133
1564,-11.7029309633,-1170.29309633
1565,-11.6267395502,-1162.67395502
1566,-11.5697624568,-1156.97624568
1567,-11.7061957023,-1170.61957023
1568,-11.5633195667,-1156.33195667
1569,-11.6929728405,-1169.29728405
1570,-11.735751243,-1173.5751243
1571,-11.8431293616,-1184.31293616
1572,-11.7845552769,-1178.45552769
1573,-11.7093692669,-1170.93692669
1574,-11.7881500524,-1178.81500524
1575,-11.886263366,-1188.6263366
1576,-11.8907718554,-1189.07718554
1577,-11.9087506406,-1190.87506406
1578,-11.882631804,-1188.2631804
1579,-12.0365942522,-1203.65942522
1580,-11.8987485894,-1189.87485894
1581,-11.8939666357,-1189.39666357
1582,-11.6530949169,-1165.30949169
1583,-11.5393726124,-1153.93726124
1584,-11.6147812255,-1161.47812255
1585,-11.3829628821,-1138.29628821
1586,-11.1596787962,-1115.96787962
1587,-11.2124320775,-1121.24320775
1588,-11.1196700002,-1111.96700002
1589,-10.9192814682,-1091.92814682
1590,-11.0898165908,-1108.98165908
1591,-11.0127836939,-1101.27836939
1592,-10.8863447782,-1088.63447782
1593,-10.9496544643,-1094.96544643
1594,-11.0221619365,-1102.21619365
1595,-11.0770418005,-1107.70418005
1596,-11.0374992549,-1103.74992549
1597,-11.2415083577,-1124.15083577
1598,-11.2932538739,-1129.32538739
1599,-11.249593603,-1124.9593603
1600,-11.1447721563,-1114.47721563
1601,-11.1882636584,-1118.82636584
1602,-11.1712799038,-1117.12799038
1603,-11.1872460907,-1118.72460907
1604,-11.1095422134,-1110.95422134
1605,-10.9245564451,-1092.45564451
1606,-10.9808730443,-1098.08730443
1607,-11.0282948508,-1102.82948508
1608,-11.1040739318,-1110.40739318
1609,-11.1084854017,-1110.84854017
1610,-11.0843073819,-1108.43073819
1611,-10.9435206163,-1094.35206163
1612,-10.8264455983,-1082.64455983
1613,-10.8968538458,-1089.68538458
1614,-10.8053590935,-1080.53590935
1615,-10.7894872678,-1078.94872678
1616,-10.8411697009,-1084.11697009
1617,-10.9781447296,-1097.81447296
1618,-11.0627965302,-1106.27965302
1619,-11.0437719036,-1104.37719036
1620,-10.9335072104,-1093.35072104
1621,-11.0864139062,-1108.64139062
1622,-11.115751375,-1111.5751375
1623,-11.0408337891,-1104.08337891
1624,-11.1508098552,-1115.08098552
1625,-11.1215378397,-1112.15378397
1626,-11.1453898868,-1114.53898868
1627,-11.1600420836,-1116.00420836
1628,-11.0922914032,-1109.22914032
1629,-11.0961224764,-1109.61224764
1630,-11.1251695738,-1112.51695738
1631,-11.1722522343,-1117.22522343
1632,-11.2089689367,-1120.89689367
1633,-11.2385573838,-1123.85573838
1634,-11.1775783849,-1117.75783849
1635,-11.2011843194,-1120.11843194
1636,-11.0736450601,-1107.36450601
1637,-11.1371461954,-1113.71461954
1638,-11.2210316865,-1122.10316865
1639,-11.3034202175,-1130.34202175
1640,-11.2583427622,-1125.83427622
1641,-11.2593896603,-1125.93896603
1642,-11.2595348616,-1125.95348616
1643,-11.1389626395,-1113.89626395
1644,-11.1350851998,-1113.50851998
1645,-11.113452791,-1111.3452791
1646,-10.8168195936,-1081.68195936
1647,-10.996972002,-1099.6972002
1648,-10.9099810492,-1090.99810492
1649,-10.75471671,-1075.471671
1650,-10.7001110239,-1070.01110239
1651,-10.5637541996,-1056.37541996
1652,-10.6728779326,-1067.28779326
1653,-10.5785007,-1057.85007
1654,-10.5654593098,-1056.54593098
1655,-10.725421032,-1072.5421032
1656,-10.7366301992,-1073.66301992
1657,-10.6405708661,-1064.05708661
1658,-10.5501824241,-1055.01824241
1659,-10.5564629526,-1055.64629526
1660,-10.5878962124,-1058.78962124
1661,-10.573255786,-1057.3255786
1662,-10.5800145606,-1058.00145606
1663,-10.6513582908,-1065.13582908
1664,-10.3743734365,-1037.43734365
1665,-10.3338641106,-1033.38641106
1666,-10.2631250113,-1026.31250113
1667,-10.2825639863,-1028.25639863
1668,-10.3943922861,-1039.43922861
1669,-10.47948781,-1047.948781
1670,-10.4881484065,-1048.81484065
1671,-10.4402501061,-1044.02501061
1672,-10.5158190496,-1051.58190496
1673,-10.4940794705,-1049.40794705
1674,-10.6259337028,-1062.59337028
1675,-10.6264366328,-1062.64366328
1676,-10.6988514402,-1069.88514402
1677,-10.7630225727,-1076.30225727
1678,-10.7000272416,-1070.00272416
1679,-10.81148282,-1081.148282
1680,-10.8395747571,-1083.95747571
1681,-10.9328171246,-1093.28171246
1682,-10.9656995343,-1096.56995343
1683,-10.9204295778,-1092.04295778
1684,-10.7658248699,-1076.58248699
1685,-10.7322241436,-1073.22241436
1686,-10.7260390718,-1072.60390718
1687,-10.5837345684,-1058.37345684
1688,-10.5509926982,-1055.09926982
1689,-10.6577001985,-1065.77001985
1690,-10.6289740812,-1062.89740812
1691,-10.7361534203,-1073.61534203
1692,-10.692813725,-1069.2813725
1693,-10.6260225204,-1062.60225204
1694,-10.7446589051,-1074.46589051
1695,-10.6195184813,-1061.95184813
1696,-10.5920637517,-1059.20637517
1697,-10.7282600646,-1072.82600646
1698,-10.6258433359,-1062.58433359
1699,-10.6315604051,-1063.15604051
1700,-10.598444266,-1059.8444266
1701,-10.4617522996,-1046.17522996
1702,-10.3005630153,-1030.05630153
1703,-10.3438483063,-1034.38483063
1704,-10.3932148363,-1039.32148363
1705,-10.3456698851,-1034.56698851
1706,-10.4093893967,-1040.93893967
1707,-10.490781873,-1049.0781873
1708,-10.4924207861,-1049.24207861
1709,-10.5851937778,-1058.51937778
1710,-10.5678543358,-1056.78543358
1711,-10.4960140919,-1049.60140919
1712,-10.4956271654,-1049.56271654
1713,-10.567439167,-1056.7439167
1714,-10.4345812392,-1043.45812392
1715,-10.4425582197,-1044.25582197
1716,-10.3533182057,-1035.33182057
1717,-10.3942178974,-1039.42178974
1718,-10.4535888433,-1045.35888433
1719,-10.4834408511,-1048.34408511
1720,-10.4351027151,-1043.51027151
1721,-10.4616164882,-1046.16164882
1722,-10.4689219748,-1046.89219748
1723,-10.3930559621,-1039.30559621
1724,-10.3621995168,-1036.21995168
1725,-10.3001579831,-1030.01579831
1726,-10.148063478,-1014.8063478
1727,-10.3361653978,-1033.61653978
1728,-10.4166394599,-1041.66394599
1729,-10.2967929612,-1029.67929612
1730,-10.4221064946,-1042.21064946
1731,-10.5067941772,-1050.67941772
1732,-10.6015088213,-1060.15088213
1733,-10.6726746297,-1067.26746297
1734,-10.4932664059,-1049.32664059
1735,-10.4851523237,-1048.51523237
1736,-10.2599401905,-1025.99401905
1737,-10.2403246075,-1024.03246075
1738,-10.2789938531,-1027.89938531
1739,-10.2697183481,-1026.97183481
1740,-10.1752310952,-1017.52310952
1741,-10.2205522468,-1022.05522468
1742,-10.1676772745,-1016.76772745
1743,-10.1932049574,-1019.32049574
1744,-10.3000542768,-1030.00542768
1745,-10.3266469725,-1032.66469725
1746,-10.2608992775,-1026.08992775
1747,-10.1917985367,-1019.17985367
1748,-10.173979812,-1017.3979812
1749,-10.2669268169,-1026.69268169
1750,-10.2100775626,-1021.00775626
1751,-10.2975487056,-1029.75487056
1752,-10.2631571414,-1026.31571414
1753,-10.1902582292,-1019.02582292
1754,-10.0887673003,-1008.87673003
1755,-10.031988608,-1003.1988608
1756,-10.0761974183,-1007.61974183
1757,-10.0935424035,-1009.35424035
1758,-10.1805092919,-1018.05092919
1759,-10.3335864112,-1033.35864112
1760,-10.3489397324,-1034.89397324
1761,-10.0948090143,-1009.48090143
1762,-10.0854096904,-1008.54096904
1763,-10.039805988,-1003.9805988
1764,-9.87469654419,-987.469654419
1765,-9.95639832661,-995.639832661
1766,-10.0778866881,-1007.78866881
1767,-10.1804172952,-1018.04172952
1768,-10.1799292759,-1017.99292759
1769,-10.3152844652,-1031.52844652
1770,-10.5050464107,-1050.50464107
1771,-10.6257565069,-1062.57565069
1772,-10.549837167,-1054.9837167
1773,-10.4657230926,-1046.57230926
1774,-10.4425392741,-1044.25392741
1775,-10.4602334065,-1046.02334065
1776,-10.5168336086,-1051.68336086
1777,-10.3548448683,-1035.48448683
1778,-10.3662503995,-1036.62503995
1779,-10.4182618711,-1041.82618711
1780,-10.5722254712,-1057.22254712
1781,-10.6236881168,-1062.36881168
1782,-10.6616425477,-1066.16425477
1783,-10.4044567815,-1040.44567815
1784,-10.2278898042,-1022.78898042
1785,-10.1422787399,-1014.22787399
1786,-10.1905288995,-1019.05288995
1787,-10.1274936826,-1012.74936826
1788,-9.9897195142,-998.97195142
1789,-10.0504698199,-1005.04698199
1790,-10.1954945298,-1019.54945298
1791,-10.124485601,-1012.4485601
1792,-10.361729265,-1036.1729265
1793,-10.2273540641,-1022.73540641
1794,-10.1296772919,-1012.96772919
1795,-10.1405338903,-1014.05338903
1796,-10.1279155304,-1012.79155304
1797,-10.1252320609,-1012.52320609
1798,-10.1349931597,-1013.49931597
1799,-10.1260485893,-1012.60485893
1800,-10.1061087419,-1010.61087419
1801,-10.1525011617,-1015.25011617
1802,-10.1925914841,-1019.25914841
1803,-10.0309335739,-1003.09335739
1804,-10.1209433471,-1012.09433471
1805,-10.0240049882,-1002.40049882
1806,-9.78059199293,-978.059199293
1807,-9.86827891346,-986.827891346
1808,-9.89998726592,-989.998726592
1809,-9.84331919874,-984.331919874
1810,-9.84117212731,-984.117212731
1811,-10.0462911683,-1004.62911683
1812,-10.0935347562,-1009.35347562
1813,-10.0159479347,-1001.59479347
1814,-9.9788113946,-997.88113946
1815,-9.9149017195,-991.49017195
1816,-10.0215202235,-1002.15202235
1817,-9.96790645634,-996.790645634
1818,-9.85873688164,-985.873688164
1819,-9.88993354121,-988.993354121
1820,-9.92449405493,-992.449405493
1821,-9.83851992692,-983.851992692
1822,-9.76280826484,-976.280826484
1823,-9.53872818393,-953.872818393
1824,-9.60927865546,-960.927865546
1825,-9.64153834447,-964.153834447
1826,-9.66205476617,-966.205476617
1827,-9.57615433977,-957.615433977
1828,-9.58561303647,-958.561303647
1829,-9.51056755581,-951.056755581
1830,-9.5693033022,-956.93033022
1831,-9.50530274355,-950.530274355
1832,-9.46823552179,-946.823552179
1833,-9.47748168939,-947.748168939
1834,-9.41598693129,-941.598693129
1835,-9.33735241387,-933.735241387
1836,-9.2796357603,-927.96357603
1837,-9.41488259526,-941.488259526
1838,-9.40930577185,-940.930577185
1839,-9.34720242465,-934.720242465
1840,-9.36232103199,-936.232103199
1841,-9.44884257992,-944.884257992
1842,-9.3603115394,-936.03115394
1843,-9.37811502594,-937.811502594
1844,-9.31946542394,-931.946542394
1845,-9.3162284877,-931.62284877
1846,-9.24562776788,-924.562776788
1847,-9.37981148535,-937.981148535
1848,-9.19390791036,-919.390791036
1849,-9.362500601,-936.2500601
1850,-9.39085054186,-939.085054186
1851,-9.62240493781,-962.240493781
1852,-9.66764890913,-966.764890913
1853,-9.79869316822,-979.869316822
1854,-9.71468599551,-971.468599551
1855,-9.6837710061,-968.37710061
1856,-9.76742328432,-976.742328432
1857,-9.74008622039,-974.008622039
1858,-9.77228135918,-977.228135918
1859,-9.80760248059,-980.760248059
1860,-9.95719257201,-995.719257201
1861,-10.0562789875,-1005.62789875
1862,-10.0836114569,-1008.36114569
1863,-10.2049460851,-1020.49460851
1864,-10.2154001461,-1021.54001461
1865,-10.2036651892,-1020.36651892
1866,-9.92547445949,-992.547445949
1867,-9.83033645348,-983.033645348
1868,-9.81918515344,-981.918515344
1869,-9.80080417329,-980.080417329
1870,-9.79320518422,-979.320518422
1871,-9.86380147811,-986.380147811
1872,-9.949550461,-994.9550461
1873,-9.86775125732,-986.775125732
1874,-9.81439264712,-981.439264712
1875,-9.63022403353,-963.022403353
1876,-9.57540460065,-957.540460065
1877,-9.57429882133,-957.429882133
1878,-9.8483105704,-984.83105704
1879,-9.70756426493,-970.756426493
1880,-9.77403480654,-977.403480654
1881,-9.79969994636,-979.969994636
1882,-9.61708449452,-961.708449452
1883,-9.6094725376,-960.94725376
1884,-9.72199415548,-972.199415548
1885,-9.686418073,-968.6418073
1886,-9.61039724833,-961.039724833
1887,-9.48865493708,-948.865493708
1888,-9.43246291823,-943.246291823
1889,-9.52081601751,-952.081601751
1890,-9.5375640242,-953.75640242
1891,-9.48220725946,-948.220725946
1892,-9.51872250054,-951.872250054
1893,-9.63799398699,-963.799398699
1894,-9.62144299027,-962.144299027
1895,-9.53654963659,-953.654963659
1896,-9.59042909631,-959.042909631
1897,-9.49190537504,-949.190537504
1898,-9.492258606,-949.2258606
1899,-9.40823532348,-940.823532348
1900,-9.29912588684,-929.912588684
1901,-9.16633339823,-916.633339823
1902,-9.03086124008,-903.086124008
1903,-9.18244765092,-918.244765092
1904,-9.03719800052,-903.719800052
1905,-9.14054608247,-914.054608247
1906,-9.31081241524,-931.081241524
1907,-9.28732205245,-928.732205245
1908,-9.33064330566,-933.064330566
1909,-9.32129508927,-932.129508927
1910,-9.49184451412,-949.184451412
1911,-9.45874850002,-945.874850002
1912,-9.57103286192,-957.103286192
1913,-9.7513899383,-975.13899383
1914,-9.76142546487,-976.142546487
1915,-9.79072238721,-979.072238721
1916,-9.69816874256,-969.816874256
1917,-9.78053273494,-978.053273494
1918,-9.88873486724,-988.873486724
1919,-9.93020814501,-993.020814501
1920,-9.9307787492,-993.07787492
1921,-9.84981817702,-984.981817702
1922,-9.87758404636,-987.758404636
1923,-9.70835861871,-970.835861871
1924,-9.67327234124,-967.327234124
1925,-9.64060182843,-964.060182843
1926,-9.721108932,-972.1108932
1927,-9.6416774192,-964.16774192
1928,-9.61238036458,-961.238036458
1929,-9.51479728256,-951.479728256
1930,-9.63456467242,-963.456467242
1931,-9.50223308712,-950.223308712
1932,-9.31965526966,-931.965526966
1933,-9.32069900356,-932.069900356
1934,-9.31255323566,-931.255323566
1935,-9.25496250585,-925.496250585
1936,-9.1777965964,-917.77965964
1937,-9.14608454185,-914.608454185
1938,-9.22040853611,-922.040853611
1939,-9.2819867196,-928.19867196
1940,-9.29216983186,-929.216983186
1941,-9.41125567526,-941.125567526
1942,-9.46310446883,-946.310446883
1943,-9.60920776942,-960.920776942
1944,-9.80551767967,-980.551767967
1945,-9.65864294682,-965.864294682
1946,-9.57569947527,-957.569947527
1947,-9.39480794807,-939.480794807
1948,-9.39932653878,-939.932653878
1949,-9.41459978272,-941.459978272
1950,-9.32306109226,-932.306109226
1951,-9.37855704422,-937.855704422
1952,-9.50111988576,-950.111988576
1953,-9.52674534316,-952.674534316
1954,-9.53859558992,-953.859558992
1955,-9.51130390924,-951.130390924
1956,-9.46188354356,-946.188354356
1957,-9.42722777352,-942.722777352
1958,-9.44772007949,-944.772007949
1959,-9.48023832399,-948.023832399
1960,-9.56057748038,-956.057748038
1961,-9.59803508926,-959.803508926
1962,-9.71658303506,-971.658303506
1963,-9.63797876722,-963.797876722
1964,-9.48752228292,-948.752228292
1965,-9.53758345724,-953.758345724
1966,-9.53225811046,-953.225811046
1967,-9.56477821321,-956.477821321
1968,-9.68261504453,-968.261504453
1969,-9.72162030399,-972.162030399
1970,-9.82792798203,-982.792798203
1971,-9.80832551901,-980.832551901
1972,-9.73922519659,-973.922519659
1973,-9.9508485571,-995.08485571
1974,-9.95127370888,-995.127370888
1975,-9.85426690869,-985.426690869
1976,-9.7954727095,-979.54727095
1977,-9.96376425859,-996.376425859
1978,-9.96234145533,-996.234145533
1979,-9.79379174033,-979.379174033
1980,-9.69779921065,-969.779921065
1981,-9.74771578229,-974.771578229
1982,-9.66325590128,-966.325590128
1983,-9.66112404694,-966.112404694
1984,-9.62128630315,-962.128630315
1985,-9.58693368887,-958.693368887
1986,-9.58818397912,-958.818397912
1987,-9.55400308598,-955.400308598
1988,-9.49805345189,-949.805345189
1989,-9.5483093324,-954.83093324
1990,-9.57878085159,-957.878085159
1991,-9.6694478739,-966.94478739
1992,-9.60686851531,-960.686851531
1993,-9.52770365992,-952.770365992
1994,-9.40097358107,-940.097358107
1995,-9.27061430459,-927.061430459
1996,-9.31242271678,-931.242271678
1997,-9.35550293531,-935.550293531
1998,-9.40688636309,-940.688636309
1999,-9.64536895437,-964.536895437
